"","TerrestialDate","MarsYear","Ls","Sol","TauFactor","SADustFactor","WhPredicted","WhMeasured","WhDiff","WhDiffPercentage"
"1","8-JUL-2009",29,299.305487730689,1939,0.438,0.519,415.047648594017,429,-13.9523514059832,-3.25229636503104
"2","15-JUL-2009",29,303.478022535963,1946,0.476,0.52,409.338778289373,414,-4.66122171062733,-1.12589896391965
"3","21-JUL-2009",29,307.015209281375,1952,0.462,0.559,452.086688512817,493,-40.9133114871833,-8.29884614344488
"4","28-JUL-2009",29,311.121683605707,1959,0.517,0.534,415.606207125728,467,-51.3937928742719,-11.0050948338912
"5","5-AUG-2009",29,315.733416977586,1967,0.547,0.586,463.609648790902,491,-27.3903512090976,-5.57848293464309
"6","25-AUG-2009",29,327.031877942521,1986,0.526,0.55,421.859724068767,453,-31.1402759312334,-6.87423309740252
"7","29-SEP-2009",29,345.887386067991,2020,0.677,0.599,432.065037957752,461,-28.9349620422479,-6.27656443432709
"8","7-OCT-2009",29,350.057938130101,2028,0.638,0.5695,404.053016669978,449,-44.9469833300225,-10.0104639933235
"9","15-OCT-2009",29,354.144062252615,2035,0.591,0.562,397.50968357135,446,-48.4903164286499,-10.8722682575448
"10","21-OCT-2009",29,357.187243385734,2042,0.586,0.5575,389.832063562374,430,-40.167936437626,-9.34138056688977
"11","29-OCT-2009",30,1.19376755777853,2049,0.58,0.571,397.5053367753,419,-21.4946632247002,-5.12999122307881
"12","5-NOV-2009",30,4.64622569514285,2056,0.548,0.527,355.71188612717,376,-20.2881138728299,-5.39577496617815
"13","11-NOV-2009",30,7.5937495745402,2062,0.486,0.531,362.239807842781,400,-37.760192157219,-9.44004803930476
"14","17-NOV-2009",30,10.5050032127424,2068,0.482,0.53,357.605353223859,385,-27.3946467761412,-7.11549266912759
"15","24-NOV-2009",30,13.8570710756496,2075,0.512,0.52,340.455602553447,371,-30.5443974465531,-8.23299122548602
"16","28-NOV-2009",30,15.7757811988239,2079,0.508,0.529,346.213007036515,360,-13.7869929634847,-3.82972026763465
"17","10-DEC-2009",30,21.4333538746904,2090,0.498,0.529,339.092719296376,359,-19.9072807036239,-5.54520353861389
"18","16-DEC-2009",30,24.253016840305,2096,0.462,0.528,338.040920882417,354,-15.9590791175834,-4.50821443999532
"19","23-DEC-2009",30,27.4798291270353,2103,0.49,0.52,323.563074439825,336,-12.436925560175,-3.70146594052829
"20","24-DEC-2009",30,27.9416434645532,2110,0.491,0.509,313.440540972668,315,-1.55945902733231,-0.495066357883273
"21","6-JAN-2010",30,33.8997000507732,2117,0.438,0.519,319.397993654116,320,-0.602006345883922,-0.188126983088726
"22","14-JAN-2010",30,37.532612556848,2124,0.5,0.533,319.656740612503,336,-16.3432593874975,-4.86406529389806
"23","20-JAN-2010",30,40.226167319681,2130,0.488,0.505,294.720439462332,304,-9.27956053766815,-3.05248701896979
"24","26-JAN-2010",30,42.9232406907148,2136,0.458,0.517,304.231188730437,296,8.23118873043694,2.78080700352599
"25","3-FEB-2010",30,46.4738804406447,2144,0.415,0.47,266.453619513583,270,-3.54638048641681,-1.31347425422845
"26","10-FEB-2010",30,49.6007520142934,2151,0.388,0.487,279.68971137958,306,-26.3102886204204,-8.59813353608508
"27","17-FEB-2010",30,52.6666621382609,2157,0.432,0.496,279.742560769807,305,-25.2574392301927,-8.28112761645662
"28","25-FEB-2010",30,56.2142788630582,2165,0.396,0.481,268.281688493029,278,-9.71831150697079,-3.4957955061046
"29","3-MAR-2010",30,58.824097910736,2171,0.396,0.481,266.296913779128,278,-11.7030862208716,-4.20974324491785
"30","9-MAR-2010",30,61.4540187848001,2177,0.446,0.504,277.496490188108,278,-0.503509811891774,-0.181118637371142
"31","17-MAR-2010",30,64.9549946555074,2185,0.405,0.523,293.897386161633,283,10.8973861616326,3.8506664882094
"32","1-APR-2010",30,71.5066944293146,2199,0.371,0.501,277.248671647345,238,39.248671647345,16.4910385072878
"33","6-APR-2010",30,73.6942498633246,2204,0.371,0.5,275.796486771168,235,40.7964867711681,17.3602071366673
"34","13-APR-2010",30,76.7366664545997,2211,0.347,0.474,257.41989889796,227,30.4198988979603,13.4008365189252
"35","20-APR-2010",30,79.8200393396644,2218,0.348,0.4995,276.752047292571,247,29.7520472925714,12.0453632763447
"36","28-APR-2010",30,83.3002232352438,2226,0.355,0.4695,253.031935849405,245,8.03193584940533,3.27834116302258
"37","3-AUG-2010",30,127.340537108479,2320,0.415,0.744,523.773215997845,529,-5.22678400215545,-0.9880499058895
"38","11-AUG-2010",30,131.167335347971,2328,0.46,0.75,531.68694050843,528,3.68694050842998,0.698284187202649
"39","17-AUG-2010",30,134.084591196734,2334,0.484,0.749,535.01409728599,581,-45.98590271401,-7.91495743786746
"40","24-AUG-2010",30,137.511719243145,2340,0.334,0.7285,554.321047788232,562,-7.67895221176752,-1.36636160351735
"41","1-SEP-2010",30,141.460176704237,2348,0.461,0.729,543.18264111647,579,-35.8173588835303,-6.18607234603287
"42","8-SEP-2010",30,144.978811892843,2355,0.371,0.732,573.583111887447,572,1.58311188744676,0.276767812490693
"43","14-SEP-2010",30,148.007898404404,2361,0.568,0.74,554.05363923837,577,-22.9463607616298,-3.97683895348869
"44","22-SEP-2010",30,152.108485121913,2369,0.607,0.724,544.608651742278,570,-25.3913482577216,-4.45462250135466
"45","29-SEP-2010",30,155.7363997971,2375,0.52,0.7095,556.497029391788,607,-50.5029706082115,-8.3200940046477
"46","6-OCT-2010",30,159.405952185207,2382,0.538,0.716,570.172468739725,610,-39.8275312602748,-6.52910348529095
"47","12-OCT-2010",30,162.608269972962,2388,0.518,0.691,557.455312239277,607,-49.5446877607229,-8.16222203636292
"48","19-OCT-2010",30,166.349257473139,2395,0.639,0.7015,556.74571694995,627,-70.2542830500496,-11.2048298325438
"49","26-OCT-2010",30,170.170828226708,2402,0.67,0.682,541.36354987684,585,-43.6364501231595,-7.45922224327513
"50","2-NOV-2010",30,174.012611291172,2409,0.646,0.678,549.906740869769,610,-60.0932591302306,-9.85135395577552
"51","10-NOV-2010",30,178.478421364343,2416,0.704,0.681,552.516504942854,612,-59.4834950571465,-9.71952533613504
"52","16-NOV-2010",30,181.858173157484,2422,0.769,0.67,536.93567906375,596,-59.0643209362497,-9.91012096245801
"53","22-NOV-2010",30,185.282163969267,2428,0.716,0.659,539.782259015412,603,-63.2177409845881,-10.4838708100478
"54","30-NOV-2010",30,189.879686717216,2436,0.753,0.645,525.828735631307,587,-61.1712643686926,-10.4209990406631
"55","8-DEC-2010",30,194.565618655633,2444,0.736,0.66,549.912152737118,617,-67.0878472628824,-10.8732329437411
"56","14-DEC-2010",30,198.078669814613,2449,0.727,0.6355,528.6856230062,592,-63.3143769938002,-10.6949961138176
"57","21-DEC-2010",30,202.270397822807,2456,0.727,0.6407,537.42851347799,595,-57.5714865220102,-9.67588008773281
"58","29-DEC-2010",30,207.057852625448,2464,0.692,0.62,523.149105507606,578,-54.8508944923942,-9.48977413363222
"59","4-JAN-2011",30,210.715085024271,2470,0.692,0.6205,524.873653582799,584,-59.1263464172015,-10.1243743865071
"60","11-JAN-2011",30,214.986504235568,2477,0.8,0.628,516.333452152792,582,-65.6665478472081,-11.2829120012385
"61","19-JAN-2011",30,219.92819508914,2484,0.789,0.603,491.114435129801,555,-63.8855648701994,-11.5109125892251
"62","24-JAN-2011",30,223.02259655897,2489,0.854,0.616,494.3430044311,554,-59.6569955688999,-10.768410752509
"63","31-JAN-2011",30,227.397111224411,2496,1.07,0.625,470.74654569661,524,-53.2534543033902,-10.1628729586623
"64","3-FEB-2011",30,229.278933559282,2499,1.07,0.678,521.3755612603,585,-63.6244387396999,-10.8759724341367
"65","15-FEB-2011",30,236.841201500718,2511,0.949,0.597,454.96190766002,505,-50.0380923399802,-9.90853313662974
"66","23-FEB-2011",30,241.879524714349,2519,1,0.624,471.285247907565,420,51.2852479075651,12.210773311325
"67","3-MAR-2011",30,246.980215949423,2526,1.35,0.599,400.451147382353,446,-45.5488526176466,-10.2127472236876
"68","9-MAR-2011",30,250.757886964119,2532,1.05,0.5565,394.085083840463,412,-17.914916159537,-4.34828062124684
"69","15-MAR-2011",30,254.586099440641,2538,1.02,0.579,416.86197355649,412,4.86197355648954,1.18009066905086
"70","22-MAR-2011",30,259.007799793731,2545,0.986,0.588,427.179244098989,453,-25.8207559010107,-5.69994611501339
"71","29-MAR-2011",30,263.447937961437,2552,0.914,0.56,407.039448241731,423,-15.9605517582692,-3.77318008469721
"72","6-APR-2011",30,268.488280613803,2559,0.91,0.561,406.002102546841,414,-7.99789745315854,-1.93185928820255
"73","12-APR-2011",30,272.267004908494,2565,0.919,0.5355,378.660748641411,390,-11.3392513585893,-2.90750034835622
"74","19-APR-2011",30,276.633417918641,2572,0.922,0.5414,382.290983508548,400,-17.7090164914517,-4.42725412286292
"75","27-APR-2011",30,281.630578415393,2580,0.87,0.507,353.625270387152,381,-27.3747296128475,-7.18496840232219
"76","4-MAY-2011",30,285.93196129857,2587,0.819,0.51,361.115557672937,367,-5.88444232706303,-1.60339027985369
"77","12-MAY-2011",30,290.863101316813,2594,0.816,0.514,364.075240162768,382,-17.9247598372318,-4.69234550712875
"78","18-MAY-2011",30,294.485548018992,2600,0.806,0.528,378.004509532922,406,-27.9954904670782,-6.89544100174339
"79","25-MAY-2011",30,298.721259523562,2607,0.827,0.535,381.200568502189,408,-26.7994314978113,-6.56848811220864
"80","1-JUN-2011",30,302.894473275478,2614,0.86,0.545,385.752922068267,408,-22.2470779317327,-5.45271517934626
"81","8-JUN-2011",30,307.032795948423,2621,0.747,0.562,415.121782908442,420,-4.87821709155844,-1.16148025989487
"82","28-JUN-2011",30,318.607481775278,2640,1.11,0.648,443.350926757709,476,-32.6490732422911,-6.85904900048132
"83","5-JUL-2011",30,322.581660530896,2647,1.03,0.596,405.259891555481,421,-15.740108444519,-3.73874309846058
"84","13-JUL-2011",30,327.034618214438,2655,0.996,0.596,406.722586068327,435,-28.2774139316733,-6.50055492682145
"85","19-JUL-2011",30,330.367389794522,2661,0.945,0.574,390.705910390234,417,-26.2940896097662,-6.30553707668255
"86","27-JUL-2011",30,334.715118658117,2668,1.01,0.587,391.711844541046,413,-21.2881554589545,-5.15451706027953
"87","3-AUG-2011",30,338.498296392992,2675,1.03,0.537,343.014472863206,385,-41.9855271367941,-10.9053317238426
"88","9-AUG-2011",30,341.697357371275,2681,1.12,0.542,336.085592217059,374,-37.9144077829409,-10.1375421879521
"89","17-AUG-2011",30,345.899052568555,2689,1.03,0.569,363.967868943106,399,-35.0321310568942,-8.77998272102612
"90","23-AUG-2011",30,349.032951499365,2695,1.07,0.546,337.481769358489,366,-28.5182306415113,-7.79186629549488
"91","31-AUG-2011",30,353.132890666141,2702,1.07,0.54,328.280219479248,352,-23.7197805207522,-6.73857401157732
"92","7-SEP-2011",30,356.691685805164,2709,1,0.531,323.439185710184,336,-12.5608142898162,-3.73833758625481
"93","14-SEP-2011",31,0.205020321958159,2716,0.887,0.52,320.717129101656,334,-13.2828708983441,-3.97690745459403
"94","20-SEP-2011",31,3.18782796873126,2722,0.895,0.511,308.92138977435,321,-12.0786102256498,-3.76280692387843
"95","27-SEP-2011",31,6.6267248950993,2729,0.882,0.514,308.461140841928,313,-4.53885915807194,-1.45011474698784
"96","6-OCT-2011",31,10.9901892686174,2737,0.84,0.513,305.975739393681,320,-14.0242606063193,-4.38258143947477
"97","13-OCT-2011",31,14.3545344251117,2744,0.791,0.498,293.756109442011,316,-22.2438905579891,-7.03920587278137
"98","19-OCT-2011",31,17.220235048884,2750,0.764,0.491,286.786085838906,312,-25.2139141610938,-8.08138274394032
"99","25-OCT-2011",31,20.0342579665779,2756,0.913,0.51,285.649099112371,297,-11.3509008876288,-3.82185215071676
"100","1-NOV-2011",31,23.3348068210259,2763,0.752,0.494,282.61081291691,304,-21.3891870830901,-7.03591680364807
"101","8-NOV-2011",31,26.5669525166019,2770,0.774,0.489,272.780334467573,295,-22.2196655324273,-7.53209001099229
"102","16-NOV-2011",31,30.2607269452282,2777,0.696,0.486,272.52374530387,298,-25.4762546961296,-8.54907875709048
"103","22-NOV-2011",31,33.0013654969197,2783,0.661,0.463,254.084256729082,297,-42.9157432709176,-14.4497452090632
"104","29-NOV-2011",31,36.183215730563,2790,0.77,0.488,260.96956917722,292,-31.0304308227801,-10.6268598708151
"105","6-DEC-2011",31,39.3420352230124,2797,0.755,0.487,257.914332943028,305,-47.0856670569721,-15.4379236252368
"106","13-DEC-2011",31,42.4918401690451,2804,0.714,0.486,257.130777379284,302,-44.8692226207156,-14.8573584836806
"107","22-DEC-2011",31,46.5010301676184,2812,0.645,0.469,246.005554344684,297,-50.9944456553155,-17.1698470219918
"108","27-DEC-2011",31,48.7350059406394,2817,0.685,0.475,245.189996783733,290,-44.8100032162667,-15.4517252469885
"109","3-JAN-2012",31,51.8039915782889,2824,0.735,0.481,242.866300661566,287,-44.1336993384337,-15.3775955883044
"110","11-JAN-2012",31,55.3554643169783,2832,0.697,0.471,235.805175686639,281,-45.1948243133613,-16.083567371303
"111","17-JAN-2012",31,57.9663101377199,2838,0.602,0.447,223.838888629862,276,-52.1611113701384,-18.8989533949777
"112","24-JAN-2012",31,61.0511825815971,2845,0.693,0.473,233.594140374035,279,-45.4058596259654,-16.2745016580521
"113","1-FEB-2012",31,64.5385063371332,2852,0.679,0.469,229.869187286128,270,-40.1308127138721,-14.8632639681008
"114","8-FEB-2012",31,67.6019094270718,2859,0.648,0.478,237.140292089195,283,-45.8597079108053,-16.2048437847368
"115","14-FEB-2012",31,70.2089690260068,2865,0.678,0.467,226.068815569267,274,-47.9311844307326,-17.493133003917
"116","21-FEB-2012",31,73.2775896875773,2872,0.684,0.476,230.8841204953,277,-46.1158795046996,-16.6483319511551
"117","28-FEB-2012",31,76.3148095868073,2879,0.52,0.489,253.041105220974,305,-51.9588947790258,-17.035703206238
"118","7-MAR-2012",31,79.8374625648329,2886,0.557,0.487,247.987346994557,298,-50.0126530054428,-16.7827694649137
"119","14-MAR-2012",31,82.8810792071406,2893,0.542,0.489,250.766376748312,301,-50.2336232516881,-16.6889113792984
"120","21-MAR-2012",31,85.9761584297717,2900,0.508,0.498,260.752872768729,311,-50.2471272312708,-16.1566325502479
"121","27-MAR-2012",31,88.5978700515542,2906,0.521,0.488,252.904138155533,306,-53.0958618444667,-17.351588838061
"122","3-APR-2012",31,91.6943943589098,2913,0.521,0.506,267.155823578481,321,-53.8441764215187,-16.7738867356756
"123","12-APR-2012",31,95.688673595087,2921,0.526,0.535,290.062468309017,336,-45.9375316909831,-13.6718844318402
"124","17-APR-2012",31,97.9073298747973,2926,0.504,0.525,286.360882317982,342,-55.6391176820179,-16.2687478602392
"125","25-APR-2012",31,101.490731907151,2934,0.521,0.546,303.181384326408,366,-62.8186156735919,-17.1635561949705
"126","1-MAY-2012",31,104.188988386802,2940,0.48,0.534,300.99292774016,365,-64.0070722598397,-17.536184180778
"127","8-MAY-2012",31,107.342363627735,2947,0.476,0.526,298.546122216504,357,-58.4538777834961,-16.3736352334723
"128","16-MAY-2012",31,111.006278047924,2954,0.423,0.532,313.335088365264,359,-45.6649116347356,-12.7200310960266
"129","23-MAY-2012",31,114.198984414807,2961,0.387,0.559,343.877340486418,395,-51.1226595135819,-12.9424454464764
"130","30-MAY-2012",31,117.460162679368,2968,0.413,0.538,328.396103938915,345,-16.6038960610853,-4.81272349596676
"131","5-JUN-2012",31,120.241175257168,2974,0.364,0.562,359.027561070792,369,-9.97243892920824,-2.70255797539519
"132","8-JUN-2012",31,121.650188854856,2977,0.338,0.567,369.172608027071,388,-18.827391972929,-4.85242061157965
"133","20-JUN-2012",31,127.337040295766,2989,0.229,0.684,503.45166327684,526,-22.54833672316,-4.28675603101902
"134","27-JUN-2012",31,130.697165241969,2995,0.33,0.698,507.215295659225,559,-51.7847043407747,-9.26381115219583
"135","3-JUL-2012",31,133.60440441133,3001,0.346,0.705,518.797638933109,577,-58.2023610668914,-10.0870643096866
"136","10-JUL-2012",31,137.026790040213,3008,0.443,0.716,521.40041348797,559,-37.59958651203,-6.72622298962969
"137","24-JUL-2012",31,143.985474638421,3022,0.642,0.72,511.398587489253,547,-35.6014125107466,-6.50848491969773
"138","24-JUL-2012",31,143.985474638421,3022,0.772,0.727,496.78105889072,507,-10.21894110928,-2.01557023851677
"139","7-AUG-2012",31,151.093107310161,3035,0.715,0.707,508.294345265176,531,-22.7056547348245,-4.27601784083323
"140","14-AUG-2012",31,154.71391204966,3042,0.564,0.688,525.193246241747,545,-19.8067537582531,-3.63426674463359
"141","22-AUG-2012",31,158.894505874912,3050,0.696,0.683,510.278855292826,530,-19.7211447071739,-3.72097069946677
"142","28-AUG-2012",31,162.086141056062,3056,0.57,0.684,540.087463308298,568,-27.9125366917024,-4.91417899501802
"143","4-SEP-2012",31,165.822071195041,3063,0.658,0.667,518.166415542804,543,-24.8335844571958,-4.5734041357635
"144","12-SEP-2012",31,170.17452118306,3070,0.689,0.672,528.300559214016,569,-40.6994407859841,-7.15280154410968
"145","18-SEP-2012",31,173.472206925537,3076,0.56,0.648,531.906294749098,564,-32.0937052509021,-5.69037327143654
"146","26-SEP-2012",31,177.91768085376,3084,0.658,0.657,534.265856988759,553,-18.734143011241,-3.38772929678861
"147","26-SEP-2012",31,177.91768085376,3084,0.658,0.657,534.265856988759,553,-18.734143011241,-3.38772929678861
"148","9-OCT-2012",31,185.286313613767,3097,0.722,0.629,507.593934983884,531,-23.4060650161163,-4.40792184860948
"149","17-OCT-2012",31,189.90453733993,3104,0.604,0.624,527.141613960175,579,-51.8583860398246,-8.95654335748266
"150","23-OCT-2012",31,193.40020244457,3110,0.654,0.619,517.902407773984,575,-57.097592226016,-9.93001603930713
"151","29-OCT-2012",31,196.914944560737,3116,0.649,0.601,502.544239340398,549,-46.4557606596022,-8.46188718754139
"152","6-NOV-2012",31,201.686399025703,3124,0.605,0.604,516.451657213615,586,-69.5483427863845,-11.8683178816356
"153","13-NOV-2012",31,205.869285524478,3131,0.589,0.606,523.705787476902,596,-72.2942125230976,-12.1299014300499
"154","19-NOV-2012",31,209.519259901543,3136,0.897,0.612,484.380435531299,539,-54.6195644687005,-10.1334999014287
"155","28-NOV-2012",31,215.002205664584,3145,0.793,0.608,496.169504391817,559,-62.8304956081825,-11.2398024343797
"156","4-DEC-2012",31,218.704271633949,3151,0.866,0.599,475.772840551284,536,-60.2271594487158,-11.2364103449097
"157","11-DEC-2012",31,223.041265480851,3158,0.923,0.59,457.62886190354,524,-66.3711380964602,-12.6662477283321
"158","18-DEC-2012",31,227.411087869291,3165,0.955,0.607,468.918593837216,533,-64.0814061627839,-12.0227778917043
"159","19-DEC-2012",31,228.031323441469,3173,1.02,0.594,446.840327814095,485,-38.1596721859053,-7.86797364657841
"160","3-JAN-2013",31,237.468528719597,3180,0.961,0.633,488.721424264143,542,-53.2785757358573,-9.8299955232209
"161","9-JAN-2013",31,241.26449331066,3186,1.01,0.62,466.376872647627,509,-42.6231273523731,-8.37389535410081
"162","16-JAN-2013",31,245.717345900361,3193,1.08,0.623,456.558743918524,498,-41.4412560814757,-8.32153736575818
"163","22-JAN-2013",31,249.509381086917,3199,1.11,0.651,476.055677788453,540,-63.9443222115469,-11.8415411502865
"164","29-JAN-2013",31,253.968135793962,3206,0.974,0.644,486.007504580005,534,-47.9924954199954,-8.98735869288303
"165","4-FEB-2013",31,257.765783040804,3212,0.926,0.643,489.6422902455,554,-64.3577097545004,-11.6169151181409
"166","12-FEB-2013",31,262.83472215846,3219,0.891,0.626,475.002815945216,490,-14.9971840547845,-3.06064980709888
"167","19-FEB-2013",31,267.259086255567,3226,0.829,0.618,473.837155267061,521,-47.1628447329394,-9.0523694305066
"168","26-FEB-2013",31,271.658670626862,3233,0.817,0.594,449.461012886838,510,-60.538987113162,-11.8703896300318
"169","5-MAR-2013",31,276.040640121868,3240,0.798,0.58,436.265524350779,498,-61.7344756492212,-12.3964810540605
"170","12-MAR-2013",31,280.407789026112,3247,0.863,0.598,443.058099942833,483,-39.9419000571665,-8.26954452529328
"171","19-MAR-2013",31,284.72274392853,3253,0.771,0.59,446.704230831082,490,-43.2957691689176,-8.83587125896277
"172","26-MAR-2013",31,289.044472294135,3260,0.76,0.654,510.551099873454,590,-79.4489001265455,-13.4659152756857
"173","1-APR-2013",31,292.680393577257,3266,0.741,0.636,494.3481376221,559,-64.6518623778998,-11.5656283323613
"174","9-APR-2013",31,297.538351432766,3274,0.677,0.617,483.590434605006,557,-73.4095653949937,-13.1794551876111
"175","30-APR-2013",31,309.978332490794,3294,0.672,0.573,435.071129242704,506,-70.9288707572957,-14.0175633907699
"176","22-MAY-2013",31,322.601416486382,3316,0.903,0.649,469.74603597123,541,-71.2539640287701,-13.1707881753734
"177","29-MAY-2013",31,326.49952219281,3323,0.838,0.664,490.342335980493,546,-55.657664019507,-10.1937113588841
"178","20-JUN-2013",31,338.524505501747,3344,0.801,0.626,449.198603752225,497,-47.8013962477747,-9.61798717259048
"179","26-JUN-2013",31,341.700163217646,3350,0.805,0.607,427.796605999304,457,-29.2033940006956,-6.39023938746074
"180","10-JUL-2013",31,349.032998297573,3363,0.786,0.606,420.72210296989,435,-14.2778970301096,-3.28227517933553
"181","16-JUL-2013",31,352.119417915421,3369,0.705,0.584,406.729941098356,450,-43.2700589016443,-9.61556864480984
"182","23-JUL-2013",31,355.682245475886,3376,0.757,0.566,379.69743083753,431,-51.3025691624697,-11.9031482975568
"183","31-JUL-2013",31,359.719269018735,3384,0.8,0.574,376.598450159828,395,-18.4015498401722,-4.65862021270181
"184","6-AUG-2013",32,2.68703142602732,3390,0.77,0.543,348.913662570628,385,-36.086337429372,-9.37307465697974
"185","13-AUG-2013",32,6.15644546541284,3397,0.695,0.532,342.489647899044,376,-33.5103521009562,-8.91232768642452
"186","21-AUG-2013",32,10.0280423084761,3404,0.66,0.522,332.113163518433,367,-34.8868364815671,-9.50594999497742
"187","27-AUG-2013",32,12.9400966983504,3410,0.646,0.525,332.164008035806,373,-40.8359919641943,-10.9479871217679
"188","2-SEP-2013",32,15.8100012790346,3416,0.64,0.522,326.217574551585,365,-38.7824254484149,-10.6253220406616
"189","10-SEP-2013",32,19.5881780140963,3424,0.591,0.513,318.204644009062,362,-43.7953559909382,-12.0981646383807
"190","17-SEP-2013",32,22.8737936533766,3431,0.619,0.52,316.829129988648,346,-29.1708700113523,-8.43088728651802
"191","24-SEP-2013",32,26.1238777247467,3437,0.62,0.505,299.892194057208,322,-22.107805942792,-6.86577824310311
"192","1-SEP-2013",33,15.3419433800862,3444,0.633,0.494,303.477468640893,323,-19.5225313591074,-6.04412735576081
"193","9-OCT-2013",33,33.0170372817135,3452,0.649,0.508,290.710071990862,328,-37.2899280091376,-11.3688804905907
"194","16-OCT-2013",33,36.1830693216043,3459,0.685,0.527,298.189873758178,334,-35.8101262418222,-10.7215946831803
"195","23-OCT-2013",33,39.3594420619127,3466,0.596,0.514,292.531458525453,320,-27.4685414745467,-8.58391921079583
"196","30-OCT-2013",33,42.4863806889459,3472,0.51,0.488,276.390123883576,299,-22.609876116424,-7.56183147706488
"197","5-NOV-2013",33,45.1757403166513,3478,0.536,0.491,273.499192688428,311,-37.5008073115716,-12.0581373992192
"198","21-NOV-2013",33,52.268080593473,3494,0.668,0.498,260.2235788844,302,-41.7764211156,-13.8332520250331
"199","25-NOV-2013",33,54.0460299988771,3498,0.603,0.496,262.809443343539,310,-47.1905566564605,-15.2227602117615
"200","5-DEC-2013",33,58.4246109282841,3507,0.549,0.467,242.468915825522,270,-27.5310841744777,-10.1966978423992
"201","7-DEC-2013",33,59.3048165903056,3509,0.587,0.468,239.509761437241,268,-28.4902385627593,-10.6306860308804
"202","17-DEC-2013",33,63.689412942961,3519,0.59,0.494,255.429076189089,314,-58.5709238109107,-18.6531604493346
"203","1-JAN-2014",33,70.2379814817036,3534,0.569,0.566,305.906952651435,371,-65.0930473485654,-17.5452957812845
"204","7-JAN-2014",33,72.8481752140968,3540,0.563,0.555,297.557285521268,360,-62.4427144787315,-17.3451984663143
"205","15-JAN-2014",33,76.3415840969494,3547,0.617,0.585,312.240359948895,353,-40.7596400511052,-11.5466402411063
"206","21-JAN-2014",33,78.9693688716448,3553,0.595,0.594,320.56647018613,361,-40.4335298138699,-11.2004237711551
"207","28-JAN-2014",33,82.0165171819173,3560,0.572,0.59,320.188678828556,361,-40.8113211714444,-11.3050751167436
"208","12-FEB-2014",33,88.6072006628261,3575,0.548,0.61,338.682707053115,387,-48.3172929468855,-12.4850886167663
"209","18-FEB-2014",33,91.2708890333076,3580,0.48,0.614,351.085890564651,409,-57.9141094353495,-14.1599289572982
"210","26-FEB-2014",33,94.8063345103334,3588,0.498,0.691,408.249272506318,464,-55.7507274936817,-12.015242994328
"211","5-MAR-2014",33,97.9289951396576,3595,0.451,0.699,424.123045494241,492,-67.8769545057595,-13.7961289645853
"212","12-MAR-2014",33,101.057394491091,3602,0.446,0.694,424.616854232894,498,-73.3831457671063,-14.735571439178
"213","19-MAR-2014",33,104.211186094582,3609,0.45,0.777,492.473440882357,574,-81.5265591176434,-14.2032332957567
"214","1-APR-2014",33,110.115466512579,3621,0.433,0.868,578.675312554284,661,-82.324687445716,-12.4545669358118
"215","8-APR-2014",33,113.29891137998,3628,0.423,0.843,568.167083766109,642,-73.8329162338908,-11.5004542420391
"216","15-APR-2014",33,116.553434342753,3635,0.413,0.831,568.566911128374,622,-53.4330888716255,-8.59052875749606
"217","23-APR-2014",33,120.259464621152,3643,0.273,0.817,595.680149282659,658,-62.3198507173406,-9.47110193272654
"218","25-APR-2014",33,121.195298464969,3649,0.293,0.832,607.291724984205,624,-16.7082750157949,-2.67760817560816
"219","7-MAY-2014",33,126.877683668197,3656,0.607,0.916,629.293949834469,689,-59.7060501655309,-8.66560960312495
"220","13-MAY-2014",33,129.751080678049,3662,0.621,0.964,675.655783047839,761,-85.3442169521614,-11.2147459858294
"221","22-MAY-2014",33,134.110263180293,3671,0.667,0.955,674.472564993667,751,-76.5274350063327,-10.1900712391921
"222","27-MAY-2014",33,136.555170687164,3676,0.613,0.942,684.840178772416,764,-79.1598212275844,-10.3612331449718
"223","2-JUN-2014",33,139.495959917887,3682,0.682,0.908,652.097038810641,733,-80.9029611893592,-11.0372389071431
"224","11-JUN-2014",33,144.01221649336,3690,0.868,0.924,644.595894820475,660,-15.4041051795253,-2.33395533023111
"225","17-JUN-2014",33,147.010391308089,3696,0.617,0.864,654.772243808644,706,-51.2277561913562,-7.25605611775584
"226","24-JUN-2014",33,150.610784762896,3703,0.652,0.894,687.960664446001,743,-55.0393355539991,-7.40771676366071
"227","1-JUL-2014",33,154.195998521039,3710,0.762,0.872,658.104587251138,745,-86.8954127488619,-11.6638137917935
"228","8-JUL-2014",33,157.870830055954,3717,0.738,0.878,681.494818144738,735,-53.5051818552615,-7.27961657894715
"229","22-JUL-2014",33,165.307159806851,3730,0.771,0.818,642.963681941313,676,-33.0363180586872,-4.88702929862237
"230","30-JUL-2014",33,169.635628890842,3738,0.804,0.813,644.447693526847,686,-41.5523064731534,-6.05718753252965
"231","5-AUG-2014",33,172.934415417837,3744,0.872,0.802,629.998539137807,686,-56.0014608621926,-8.16347825979484
"232","12-AUG-2014",33,176.804214568473,3751,0.811,0.789,638.357639337246,679,-40.642360662754,-5.98562012706244
"233","19-AUG-2014",33,180.75275486702,3758,0.888,0.788,631.861251382971,692,-60.1387486170293,-8.69057060939729
"234","26-AUG-2014",33,184.710649828921,3764,0.858,0.753,610.468962712783,680,-69.5310372872168,-10.2251525422378
"235","2-SEP-2014",33,188.753469781226,3771,0.852,0.771,636.593651989156,713,-76.4063480108443,-10.7161778416331
"236","9-SEP-2014",33,192.810559587546,3778,0.879,0.754,620.401786303554,694,-73.5982136964462,-10.6049299274418
"237","16-SEP-2014",33,196.93073303914,3785,0.905,0.768,634.771368443863,693,-58.2286315561371,-8.40239993595052
"238","23-SEP-2014",33,201.088495474218,3792,0.889,0.74,613.031247591872,639,-25.9687524081282,-4.06396751300911
"239","30-SEP-2014",33,205.281632314362,3798,0.943,0.735,601.071757364325,630,-28.9282426356747,-4.59178454534519
"240","7-OCT-2014",33,209.521330850452,3805,1.037,0.763,614.165885453961,640,-25.8341145460389,-4.03658039781858
"241","14-OCT-2014",33,213.794355380853,3812,1.19,0.763,588.588391035948,605,-16.4116089640515,-2.7126626386862
"242","20-OCT-2014",33,217.478479671157,3820,1.75,0.697,453.97185509028,434,19.97185509028,4.60180992863594
"243","28-OCT-2014",33,222.441917614598,3826,1.845,0.7,444.757524604007,441,3.75752460400724,0.852046395466495
"244","6-NOV-2014",33,228.03513754419,3834,1.359,0.711,510.58647380578,505,5.58647380577986,1.10623243678809
"245","11-NOV-2014",33,231.191070434747,3839,1.474,0.713,494.922789864901,516,-21.0772101350987,-4.08473064633696
"246","19-NOV-2014",33,236.212882991481,3846,1.467,0.674,458.905749783706,494,-35.0942502162941,-7.10409923406763
"247","26-NOV-2014",33,240.648621359285,3850,1.458,0.651,437.243250824085,469,-31.7567491759153,-6.77116187119729
"248","1-DEC-2014",33,243.828788198757,3859,1.376,0.638,433.594690449417,468,-34.4053095505829,-7.35156186978267
"249","9-DEC-2014",33,248.887561161527,3867,1.215,0.659,469.292900207705,500,-30.7070997922951,-6.14141995845903
"250","17-DEC-2014",33,253.976963649469,3874,1.189,0.646,457.399497868316,494,-36.6005021316844,-7.40900852868106
"251","6-JAN-2015",33,266.643368455422,3894,1.041,0.631,455.869829918597,438,17.8698299185973,4.07986984442861
"252","13-JAN-2015",33,271.052661859604,3901,1.056,0.606,428.432191245455,395,33.4321912454548,8.46384588492527
"253","27-JAN-2015",33,279.808169496267,3914,0.891,0.636,475.941059082183,534,-58.0589409178172,-10.8724608460332
"254","3-FEB-2015",33,284.127418638678,3921,0.949,0.632,461.982568580804,484,-22.0174314191963,-4.54905607834634
"255","9-FEB-2015",33,287.840004696341,3927,0.824,0.606,453.7730905522,479,-25.2269094477996,-5.2665781728183
"256","18-FEB-2015",33,293.306193291771,3936,0.816,0.695,539.975127445414,559,-19.0248725545856,-3.40337612783285
"257","26-FEB-2015",33,298.150661011555,3943,0.734,0.674,531.440604209191,559,-27.5593957908088,-4.9301244706277
"258","3-MAR-2015",33,301.134780790673,3948,0.708,0.687,547.755308265249,545,2.75530826524948,0.505561149587061
"259","11-MAR-2015",33,305.887943083879,3956,0.658,0.725,593.101691991409,577,16.1016919914094,2.7905878667954
"260","17-MAR-2015",33,309.408338001527,3962,0.759,0.74,587.32219292316,607,-19.6778070768402,-3.24181335697532
"261","24-MAR-2015",33,313.479016543617,3969,0.678,0.717,577.046859038641,610,-32.9531409613588,-5.40215425596046
"262","30-MAR-2015",33,316.920924539906,3975,1.01,0.744,543.887389042854,562,-18.1126109571456,-3.22288451194762
"263","14-APR-2015",33,325.399240901299,3989,0.813,0.714,542.237497012953,561,-18.7625029870472,-3.34447468574817
"264","23-APR-2015",33,330.40092160586,3998,0.766,0.731,561.616957298305,620,-58.3830427016952,-9.416619790596
"265","28-APR-2015",33,333.115866099633,4003,1.395,0.83,545.731913627449,526,19.7319136274493,3.75131437784208
"266","5-MAY-2015",33,336.934666663822,4010,1.333,0.729,469.978946357431,508,-38.0210536425693,-7.48445937845851
"267","12-MAY-2015",33,340.65346397883,4016,1.146,0.734,494.75701549067,526,-31.2429845093295,-5.93973089530979
"268","19-MAY-2015",33,344.369558097529,4023,1.105,0.727,489.989949660382,536,-46.0100503396175,-8.58396461560028
"269","24-MAY-2015",33,346.969542145722,4028,0.962,0.728,507.569393682431,558,-50.4306063175693,-9.03774306766475
"270","2-JUN-2015",33,351.63195669133,4037,0.952,0.688,467.763989660003,500,-32.2360103399966,-6.44720206799932
"271","21-JUN-2015",34,1.21157913389561,4055,0.797,0.644,435.538613956806,477,-41.4613860431942,-8.69211447446419
"272","30-JUN-2015",34,5.68282669139421,4064,0.725,0.628,423.587751663348,465,-41.4122483366518,-8.90585985734448
"273","15-JUL-2015",34,12.9634594746321,4079,0.634,0.612,408.943759540478,421,-12.0562404595225,-2.86371507352078
"274","20-JUL-2015",34,15.3393846454363,4084,0.645,0.607,399.234446531126,432,-32.7655534688736,-7.58461885853555
"275","29-JUL-2015",34,19.6124447534702,4092,0.695,0.611,389.312115219411,424,-34.6878847805895,-8.18110490108242
"276","4-AUG-2015",34,22.4229165580673,4098,0.639,0.614,393.785131573723,431,-37.2148684262769,-8.63454023811529
"277","11-AUG-2015",34,25.6795744971861,4105,0.736,0.608,371.904303540394,420,-48.0956964596059,-11.4513562999062
"278","18-AUG-2015",34,28.9082126921334,4112,0.65,0.597,367.702214329985,416,-48.2977856700151,-11.6100446322152
"279","25-AUG-2015",34,32.1231943326639,4119,0.652,0.59,356.766196741456,404,-47.2338032585441,-11.6915354600357
"280","1-SEP-2015",34,35.2907846945587,4125,0.668,0.582,343.873008656863,384,-40.1269913431374,-10.449737328942
"281","9-SEP-2015",34,38.9265764163501,4133,0.631,0.562,327.0802141304,356,-28.9197858695995,-8.12353535662908
"282","15-SEP-2015",34,41.5974682394783,4139,0.585,0.552,320.561372720112,345,-24.4386272798882,-7.08366008112703
"283","22-SEP-2015",34,44.743928941884,4146,0.539,0.569,334.727215230489,335,-0.272784769510508,-0.0814282894061219
"284","29-SEP-2015",34,47.8461760836895,4153,0.555,0.557,319.832661868077,352,-32.167338131923,-9.13844833293268
"285","7-OCT-2015",34,51.3959472162823,4161,0.553,0.569,325.127612083751,327,-1.87238791624947,-0.57259569304265
"286","13-OCT-2015",34,54.0424988772008,4166,0.557,0.577,327.842374292768,325,2.84237429276754,0.874576705466937
"287","20-OCT-2015",34,57.115810295565,4173,0.522,0.568,321.811587464831,337,-15.188412535169,-4.50694733981276
"288","27-OCT-2015",34,60.1920822801635,4180,0.539,0.576,323.138860239923,332,-8.86113976007709,-2.66901800002322
"289","3-NOV-2015",34,63.2554891306345,4187,0.472,0.574,326.657863347655,344,-17.3421366523446,-5.04131879428622
"290","9-NOV-2015",34,65.8797542981794,4193,0.511,0.609,346.359655197467,359,-12.6403448025333,-3.52098741017641
"291","18-NOV-2015",34,69.8107552408939,4201,0.494,0.612,348.193482543737,376,-27.8065174562629,-7.39535038730396
"292","1-DEC-2015",34,75.4784284616317,4214,0.544,0.643,362.298480451962,387,-24.7015195480377,-6.38282158864024
"293","8-DEC-2015",34,78.5415495594426,4221,0.438,0.66,388.129015041018,407,-18.8709849589821,-4.63660564102755
"294","8-DEC-2015",34,78.5415495594426,4221,0.43,0.66,389.23634272781,419,-29.7636572721901,-7.10349815565397
"295","3-JAN-2016",34,89.9556689236607,4246,0.414,0.658,392.17083614872,449,-56.8291638512796,-12.6568293655411
"296","12-JAN-2016",34,93.9319839583123,4255,0.446,0.666,396.252535754543,452,-55.7474642454569,-12.3335097888179
"297","19-JAN-2016",34,97.0426740466342,4262,0.471,0.67,398.371393074699,454,-55.628606925301,-12.2529971201103
"298","25-JAN-2016",34,99.7284703946746,4268,0.478,0.691,415.995099837521,469,-53.004900162479,-11.3016844696117
"299","2-FEB-2016",34,103.317623039021,4275,0.459,0.683,417.107089343181,498,-80.8929106568194,-16.243556356791
"300","9-FEB-2016",34,106.482350542608,4282,0.443,0.675,417.723464657155,493,-75.2765353428451,-15.2690741060538
"301","16-FEB-2016",34,109.672890427812,4289,0.433,0.677,425.83560206253,506,-80.1643979374703,-15.8427663908044
"302","23-FEB-2016",34,112.86322512264,4296,0.409,0.707,459.462682152192,543,-83.5373178478079,-15.3844047601856
"303","1-MAR-2016",34,116.112037455892,4303,0.429,0.736,486.524473632206,585,-98.4755263677936,-16.8334233107339
"304","9-MAR-2016",34,119.812448601812,4310,0.431,0.716,478.071408601489,548,-69.9285913985105,-12.7606918610421
"305","15-MAR-2016",34,122.644225484394,4316,0.524,0.76,505.496544404927,559,-53.5034555950726,-9.57128007067489
"306","22-MAR-2016",34,125.941655994145,4323,0.423,0.764,535.722510001812,576,-40.2774899981879,-6.99261979135206
"307","5-APR-2016",34,132.662470705218,4337,0.47,0.817,593.035539161872,650,-56.9644608381277,-8.7637632058658
"308","11-APR-2016",34,135.58950008269,4343,0.459,0.785,576.265668003621,617,-40.7343319963788,-6.60199870281667
"309","19-APR-2016",34,139.516749467298,4350,0.461,0.762,567.528432102145,635,-67.4715678978547,-10.6254437634417
"310","26-APR-2016",34,143.016262259577,4357,0.541,0.764,565.442566142448,618,-52.5574338575517,-8.50443913552617
"311","2-MAY-2016",34,146.012283873049,4364,0.508,0.774,590.481238755142,645,-54.5187612448575,-8.45252112323372
"312","10-MAY-2016",34,150.109057417714,4371,0.458,0.752,592.378643263137,653,-60.6213567368626,-9.2835155799177
"313","16-MAY-2016",34,153.177612111703,4377,0.542,0.77,603.309277966452,672,-68.6907220335482,-10.2218336359447
"314","24-MAY-2016",34,157.360697375532,4384,0.605,0.756,590.991539906798,636,-45.0084600932022,-7.07680190144688
"315","31-MAY-2016",34,161.048583295178,4391,0.566,0.738,591.581371226987,643,-51.4186287730131,-7.99667632550748
"316","7-JUN-2016",34,164.785787188604,4398,0.597,0.735,593.447063396816,637,-43.5529366031843,-6.83719569908702
"317","14-JUN-2016",34,168.572004999479,4405,0.645,0.752,611.877480999046,658,-46.1225190009535,-7.00950136792606
"318","21-JUN-2016",34,172.399708600896,4412,0.614,0.721,595.938786159081,644,-48.0612138409192,-7.46292140386944
"319","5-JUL-2016",34,180.205715537294,4425,0.551,0.718,622.268630067664,644,-21.7313699323362,-3.37443632489692
"320","19-JUL-2016",34,188.195515011477,4439,0.639,0.715,617.189960165822,635,-17.8100398341785,-2.80473068254779
"321","25-JUL-2016",34,191.652174895613,4445,0.599,0.67,580.659462391837,605,-24.3405376081629,-4.02322935672114
"322","31-JUL-2016",34,195.173490985314,4451,0.671,0.67,572.286064900413,592,-19.7139350995867,-3.33005660465992
"323","7-AUG-2016",34,199.316042081998,4457,0.706,0.677,577.8431024498,607,-29.1568975502003,-4.80344275950581
"324","15-AUG-2016",34,204.092335606522,4465,0.638,0.654,568.101993745756,588,-19.898006254244,-3.38401466908912
"325","23-AUG-2016",34,208.92884108559,4473,0.727,0.71,615.689197563135,582,33.6891975631349,5.78852191806442
"326","30-AUG-2016",34,213.198227099118,4480,1.079,0.693,538.983635610449,453,85.9836356104488,18.9809350133441
"327","5-SEP-2016",34,216.878757896154,4486,0.957,0.675,540.138802581822,476,64.1388025818217,13.4745383575256
"328","13-SEP-2016",34,221.83740115154,4493,0.889,0.698,573.99027984197,515,58.9902798419702,11.4544232702855
"329","20-SEP-2016",34,226.182576643529,4500,0.845,0.693,574.908128307756,520,54.9081283077564,10.5592554437993
"330","26-SEP-2016",34,229.950025397639,4506,0.892,0.701,573.054635581294,474,99.0546355812942,20.897602443311
"331","4-OCT-2016",34,234.971780750367,4514,0.878,0.706,577.500044479003,472,105.500044479003,22.3517043387719
"332","11-OCT-2016",34,239.397956031553,4521,0.907,0.764,627.631205993942,507,120.631205993942,23.7931372769116
"333","18-OCT-2016",34,243.829692821047,4527,0.909,0.743,602.387605376521,506,96.3876053765214,19.0489338688777
"334","25-OCT-2016",34,248.264637703048,4534,0.96,0.718,564.691920192354,463,101.691920192354,21.9636976657353
"335","1-NOV-2016",34,252.713939926041,4541,0.954,0.711,555.212863273765,390,165.212863273765,42.3622726342987
"336","8-NOV-2016",34,257.153750372349,4548,0.886,0.706,558.5653153508,445,113.5653153508,25.5202955844495
"337","15-NOV-2016",34,261.586374067708,4555,0.862,0.697,550.505011163117,468,82.5050111631173,17.629275889555
"338","29-NOV-2016",34,270.418182566149,4568,0.902,0.69,530.964065791127,465,65.9640657911272,14.1858206002424
"339","6-DEC-2016",34,274.829412767553,4575,0.853,0.646,493.725682211683,372,121.725682211683,32.7219575837859
"340","13-DEC-2016",34,279.181057956527,4582,0.836,0.675,522.783556374397,411,111.783556374397,27.1979455898775
"341","20-DEC-2016",34,283.531715126984,4589,0.772,0.67,526.68175475685,458,68.6817547568496,14.9960163224562
"342","3-JAN-2017",34,292.110861750112,4602,0.752,0.683,539.622326776639,520,19.6223267766387,3.77352438012283
"343","10-JAN-2017",34,296.358111460684,4609,0.724,0.671,530.831102846471,463,67.8311028464715,14.6503461871429
"344","16-JAN-2017",34,299.955176071739,4615,0.657,0.67,539.981666212991,500,39.9816662129906,7.99633324259812
"345","24-JAN-2017",34,304.715198329098,4623,0.684,0.65,513.104217891577,416,97.104217891577,23.3423600700906
"346","31-JAN-2017",34,308.836559800583,4630,0.801,0.681,522.806810302233,466,56.8068103022333,12.1903026399642
"347","7-FEB-2017",34,312.904982963713,4636,0.822,0.646,483.926861250571,414,69.9268612505708,16.89054619579
"348","14-FEB-2017",34,316.942990686402,4643,0.816,0.716,549.728927936967,484,65.7289279369669,13.58035701177
"349","27-FEB-2017",34,324.299336973236,4656,1.466,0.841,551.482720166396,458,93.4827201663961,20.4110742721389
"350","6-MAR-2017",34,328.214162859379,4663,1.66,0.77,469.115197918567,441,28.1151979185672,6.37532832620572
"351","15-MAR-2017",34,333.14157720037,4671,1.692,0.653,375.855964339448,366,9.85596433944801,2.69288643154317
"352","21-MAR-2017",34,336.406756057337,4677,1.181,0.615,395.300418870738,423,-27.6995811292625,-6.54836433315898
"353","4-APR-2017",34,343.858431375694,4691,0.981,0.597,395.427162213631,415,-19.5728377863692,-4.71634645454679
"354","11-APR-2017",34,347.524747764909,4698,0.996,0.596,388.935992566551,414,-25.0640074334486,-6.05410807571222
"355","18-APR-2017",34,351.132644243962,4705,0.957,0.584,378.825297528448,408,-29.1747024715522,-7.15066237047849
"356","25-APR-2017",34,354.716097683269,4711,0.99,0.58,367.596394698298,412,-44.4036053017019,-10.7775741023548
"357","2-MAY-2017",34,358.246065398582,4718,0.883,0.566,362.627201944726,405,-42.3727980552736,-10.4624192729071
"358","9-MAY-2017",34,1.73627517723048,4725,0.893,0.554,346.941994617764,391,-44.0580053822356,-11.2680320670679
"359","16-MAY-2017",34,5.20588449329097,4732,0.87,0.547,338.845917302367,384,-45.1540826976331,-11.7588757025086
"360","22-MAY-2017",34,8.11769414889886,4738,0.826,0.536,330.122041143105,376,-45.8779588568955,-12.2015848023658
"361","30-MAY-2017",34,12.0150999939445,4745,0.834,0.543,329.846051136676,376,-46.1539488633238,-12.2749863998202
"362","6-JUN-2017",34,15.349486394001,4752,0.788,0.53,319.037602409925,362,-42.9623975900745,-11.8680656326173
"363","13-JUN-2017",34,18.6848334626569,4759,0.842,0.529,308.606816971971,343,-34.3931830280288,-10.0271670635652
"364","20-JUN-2017",34,21.9684870601235,4766,0.699,0.54,326.672607830462,364,-37.3273921695384,-10.2547780685545
"365","27-JUN-2017",34,25.2354860316611,4773,0.771,0.535,310.995777194258,336,-25.0042228057415,-7.44173297789926
"366","11-JUL-2017",34,31.6853497586781,4786,0.748,0.549,315.161331481482,352,-36.8386685185181,-10.4655308291245
"367","17-JUL-2017",34,34.4021312485488,4792,0.706,0.534,303.928730876244,344,-40.0712691237558,-11.6486247452779
"368","18-JUL-2017",34,34.8594341408659,4793,0.774,0.534,296.939994532849,332,-35.0600054671505,-10.5602426105875
"369","1-AUG-2017",34,41.1683111968941,4807,0.774,0.53,286.056660199143,314,-27.9433398008574,-8.89915280282083
"370","8-AUG-2017",34,44.3179216876429,4814,0.723,0.531,287.729128264779,319,-31.2708717352211,-9.80278110821977
"371","16-AUG-2017",34,47.8598812407839,4821,0.593,0.511,280.86560009177,316,-35.1343999082297,-11.118480983617
"372","22-AUG-2017",34,50.5260046667194,4827,0.683,0.518,275.155505964355,307,-31.844494035645,-10.3727993601449
"373","29-AUG-2017",34,53.6112948035578,4834,0.608,0.507,270.896629528088,279,-8.10337047191223,-2.90443386090044
"374","5-SEP-2017",34,56.6928002816086,4841,0.533,0.507,275.122283048376,285,-9.87771695162405,-3.46586559706107
"375","12-SEP-2017",34,59.7614737305866,4848,0.548,0.506,270.586381831656,281,-10.413618168344,-3.70591393891245
"376","19-SEP-2017",34,62.8366346809805,4854,0.524,0.507,271.426938493753,283,-11.5730615062474,-4.08942102694255
"377","2-OCT-2017",34,68.5232980576565,4868,0.544,0.522,277.354305453597,284,-6.64569454640269,-2.34003329098686
"378","10-OCT-2017",34,71.9895118657138,4875,0.563,0.541,287.789743150105,339,-51.2102568498947,-15.1062704571961
"379","17-OCT-2017",34,75.0739665288427,4882,0.506,0.558,305.032451077105,358,-52.9675489228949,-14.7954047270656
"380","23-OCT-2017",34,77.6757844410978,4888,0.446,0.527,287.887652247335,316,-28.1123477526654,-8.89631257995739
"381","31-OCT-2017",34,81.1849448326863,4895,0.421,0.587,335.404946261914,354,-18.5950537380857,-5.25284003900726
"382","7-NOV-2017",34,84.2416190308282,4902,0.445,0.624,360.443862723975,377,-16.5561372760247,-4.39154834907818
"383","14-NOV-2017",34,87.3208315888561,4909,0.41,0.619,362.004364324153,393,-30.9956356758467,-7.88693019741646
"384","20-NOV-2017",34,89.9624169832764,4915,0.404,0.628,370.734048114429,401,-30.2659518855707,-7.54761892408247
"385","28-NOV-2017",34,93.5029952180776,4923,0.416,0.619,364.356208614893,390,-25.643791385107,-6.5753311243864
"386","5-DEC-2017",34,96.5994693356716,4929,0.417,0.624,370.396995447078,406,-35.6030045529218,-8.76921294406941
"387","10-DEC-2017",34,98.8456260373552,4934,0.406,0.62,370.8014476141,408,-37.1985523859004,-9.11729225144618
"388","18-DEC-2017",34,102.420954738467,4942,0.459,0.622,369.100001583124,390,-20.8999984168756,-5.35897395304503
"389","2-JAN-2018",34,109.211762374002,4957,0.483,0.663,406.74230579132,420,-13.2576942086795,-3.15659385920941
"390","10-JAN-2018",34,112.880370454757,4964,0.479,0.648,401.57590335244,426,-24.4240966475602,-5.73335602055404
"391","16-JAN-2018",34,115.64673698319,4970,0.46,0.76,499.645418396318,525,-25.3545816036817,-4.82944411498699
"392","30-JAN-2018",34,122.174506578875,4984,0.427,0.847,594.736508911235,665,-70.2634910887646,-10.5659385095887
"393","6-FEB-2018",34,125.485384132788,4991,0.424,0.829,590.038970737062,628,-37.9610292629385,-6.04474988263352
"394","12-FEB-2018",34,128.337891366766,4997,0.491,0.87,620.293262028624,605,15.2932620286235,2.52781190555761
"395","20-FEB-2018",34,132.198535089747,5004,0.407,0.85,633.863370152039,653,-19.1366298479606,-2.93057118651771
"396","27-FEB-2018",34,135.586169238679,5011,0.486,0.881,656.221174305443,669,-12.7788256945565,-1.91013836988887
"397","6-MAR-2018",34,139.041385074821,5018,0.507,0.873,657.125008989729,682,-24.8749910102712,-3.64735938567026
"398","13-MAR-2018",34,142.514307883431,5025,0.474,0.861,666.206641546122,679,-12.7933584538777,-1.88414704769921
"399","20-MAR-2018",34,146.031296207245,5032,0.52,0.842,651.459883021253,664,-12.5401169787468,-1.88857183414862
"400","27-MAR-2018",34,149.6019498239,5038,0.524,0.83,652.093632529092,670,-17.9063674709084,-2.67259215983708
"401","3-APR-2018",34,153.189907231204,5045,0.653,0.836,643.682226996938,681,-37.3177730030616,-5.47984919281374
"402","10-APR-2018",34,156.850571216819,5052,0.525,0.818,665.50697824478,694,-28.4930217552202,-4.10562273129974
"403","16-APR-2018",34,160.000506515901,5058,0.558,0.826,677.032675688863,726,-48.967324311137,-6.74481051117589
"404","24-APR-2018",34,164.269408727236,5066,0.569,0.823,685.713843442412,727,-41.2861565575877,-5.67897614272183
"405","2-MAY-2018",34,168.588211818702,5073,0.641,0.787,647.784388342963,642,5.78438834296333,0.900995068997403
"406","8-MAY-2018",34,171.872296452652,5079,0.619,0.776,650.076205626497,667,-16.9237943735026,-2.5373005057725
"407","15-MAY-2018",34,175.738641821763,5086,0.651,0.795,673.242868913209,659,14.2428689132095,2.16128511581327
"408","22-MAY-2018",34,179.665032097151,5093,0.562,0.769,673.771102644756,664,9.7711026447555,1.47155160312583
"409","29-MAY-2018",34,183.611625788228,5100,0.64,0.772,669.536701211726,652,17.5367012117263,2.68967809995802
